{
    "name": "l5a5a-esponsales-kyotei",
    "title": "L5A5E Esponsales en el castillo Kyotei",
    "description": "Traducción del módulo L5A5E Esponsales en el castillo Kyotei, realizada a partir del world de edge y el documento oficial de FantasyFlightGames España.",
    "version": "1.10.0",
    "library": "false",
    "manifestPlusVersion": "1.10.0",
    "authors": [
		{
		  "name": "Nisube",
		  "flags": {}
		}
	],
    "packs": [
        {
            "type": "Scene",
            "label": "Escenas (l5r5e Kyotei)",
            "module": "l5a5a-esponsales-kyotei",
            "path": "packs/world-escenas-l5r5e-kyotei-1660058228128.db",
            "name": "world-escenas-l5r5e-kyotei-1660058228128"
        },
        {
            "type": "Actor",
            "label": "Actores (l5r5e Kyotei)",
            "module": "l5a5a-esponsales-kyotei",
            "path": "packs/world-actores-l5r5e-kyotei-1660058228128.db",
            "name": "world-actores-l5r5e-kyotei-1660058228128",
			"system": "l5r5e"
        },
        {
            "type": "JournalEntry",
            "label": "Diario (l5r5e Kyotei)",
            "module": "l5a5a-esponsales-kyotei",
            "path": "packs/world-diario-l5r5e-kyotei-1660058228128.db",
            "name": "world-diario-l5r5e-kyotei-1660058228128"
        },
        {
            "type": "Item",
            "label": "Items (l5r5e Kyotei)",
            "module": "l5a5a-esponsales-kyotei",
            "path": "packs/world-items-l5r5e-kyotei-1660058228128.db",
            "name": "world-items-l5r5e-kyotei-1660058228128",
			"system": "l5r5e"
        }
    ],
	"compatibility": {
		"minimum": "10",
		"verified": "10"
	},
	"url": "https://github.com/Nisube/l5a5e-esponsales-kyotei",
    "manifest": "https://github.com/Nisube/l5a5e-esponsales-kyotei/releases/download/1.10.0/module.json",
    "download": "https://github.com/Nisube/l5a5e-esponsales-kyotei/releases/download/1.10.0/l5a5a-esponsales-kyotei.zip"
}