{
  "title": "L5A5E Esponsales en el castillo Kyotei",
  "description": "Traducción del módulo L5A5E Esponsales en el castillo Kyotei, realizada a partir del world de edge y el documento oficial de FantasyFlightGames España.",
  "version": "1.13.0",
  "authors": [
    {
      "name": "Nisube",
      "flags": {}
    }
  ],
  "packs": [
    {
      "name": "esponsales-en-el-castillo-kyotei",
      "label": "Esponsales en el Castillo Kyotei",
      "path": "packs/esponsales-en-el-castillo-kyotei",
      "type": "Adventure",
      "system": "l5r5e",
      "ownership": {
        "PLAYER": "OBSERVER",
        "ASSISTANT": "OWNER"
      }
    }
  ],
  "compatibility": {
    "minimum": "11",
    "verified": "12"
  },
  "url": "https://github.com/Nisube/l5a5e-esponsales-kyotei",
  "manifest": "https://github.com/Nisube/l5a5e-esponsales-kyotei/releases/download/1.13.0/module.json",
  "download": "https://github.com/Nisube/l5a5e-esponsales-kyotei/releases/download/1.13.0/l5a5a-esponsales-kyotei.zip",
  "id": "l5a5a-esponsales-kyotei",
  "relationships": {
    "systems": [
      {
        "id": "l5r5e",
        "type": "system",
        "compatibility": {}
      }
    ]
  }
}